{
  "core_only": {
    "RF": {
      "per_fold_auroc": [
        0.7635429171668668,
        0.7447483505649788,
        0.7397810864784247,
        0.7138171073717949,
        0.7454219795085048
      ],
      "mean_auroc": 0.741462288218114,
      "std_auroc": 0.016006960979214023,
      "pooled_oof_auroc": 0.7433671290448087,
      "ci95": [
        0.718717408658176,
        0.7669981453995284
      ],
      "within_prompt": {
        "within_prompt_auroc": 0.6776662484316186,
        "n_mixed_prompts": 195,
        "n_all_truthful_prompts": 3,
        "n_all_hallucinated_prompts": 2,
        "n_pairs": 3985,
        "ci95": [
          0.6304606112450734,
          0.7194906339594782
        ]
      }
    },
    "LR": {
      "per_fold_auroc": [
        0.7755852340936373,
        0.7496397785586086,
        0.7223387851057913,
        0.7290414663461539,
        0.7231894586537739
      ],
      "mean_auroc": 0.7399589445515931,
      "std_auroc": 0.020365795148453367,
      "pooled_oof_auroc": 0.7438857166861199,
      "ci95": [
        0.7177652174171347,
        0.767461580329644
      ],
      "within_prompt": {
        "within_prompt_auroc": 0.6670012547051443,
        "n_mixed_prompts": 195,
        "n_all_truthful_prompts": 3,
        "n_all_hallucinated_prompts": 2,
        "n_pairs": 3985,
        "ci95": [
          0.6180977885742149,
          0.7117281027165034
        ]
      }
    }
  },
  "hygiene_ladder": {
    "vanilla_mad": {
      "RF": {
        "per_fold_auroc": [
          0.7635429171668668,
          0.7447483505649788,
          0.7397810864784247,
          0.7138171073717949,
          0.7454219795085048
        ],
        "mean_auroc": 0.741462288218114,
        "std_auroc": 0.016006960979214023,
        "pooled_oof_auroc": 0.7433671290448087,
        "ci95": [
          0.718717408658176,
          0.7669981453995284
        ],
        "within_prompt": {
          "within_prompt_auroc": 0.6776662484316186,
          "n_mixed_prompts": 195,
          "n_all_truthful_prompts": 3,
          "n_all_hallucinated_prompts": 2,
          "n_pairs": 3985,
          "ci95": [
            0.6304606112450734,
            0.7194906339594782
          ]
        }
      },
      "LR": {
        "per_fold_auroc": [
          0.7755852340936373,
          0.7496397785586086,
          0.7223387851057913,
          0.7290414663461539,
          0.7231894586537739
        ],
        "mean_auroc": 0.7399589445515931,
        "std_auroc": 0.020365795148453367,
        "pooled_oof_auroc": 0.7438857166861199,
        "ci95": [
          0.7177652174171347,
          0.767461580329644
        ],
        "within_prompt": {
          "within_prompt_auroc": 0.6670012547051443,
          "n_mixed_prompts": 195,
          "n_all_truthful_prompts": 3,
          "n_all_hallucinated_prompts": 2,
          "n_pairs": 3985,
          "ci95": [
            0.6180977885742149,
            0.7117281027165034
          ]
        }
      }
    },
    "robust_scale": {
      "RF": {
        "per_fold_auroc": [
          0.7586159463785513,
          0.7461892363305443,
          0.7291640334689957,
          0.7213792067307692,
          0.7084345800245496
        ],
        "mean_auroc": 0.7327566005866821,
        "std_auroc": 0.01779355940492623,
        "pooled_oof_auroc": 0.735240255603197,
        "ci95": [
          0.7075250627941061,
          0.7606007511760167
        ],
        "within_prompt": {
          "within_prompt_auroc": 0.6690087829360101,
          "n_mixed_prompts": 195,
          "n_all_truthful_prompts": 3,
          "n_all_hallucinated_prompts": 2,
          "n_pairs": 3985,
          "ci95": [
            0.6219394108553762,
            0.7110094957526188
          ]
        }
      },
      "LR": {
        "per_fold_auroc": [
          0.7731342537014806,
          0.74594908870295,
          0.7227432442680553,
          0.7343249198717949,
          0.7239910819409305
        ],
        "mean_auroc": 0.7400285176970423,
        "std_auroc": 0.018544831995626062,
        "pooled_oof_auroc": 0.74414376029549,
        "ci95": [
          0.719062479190748,
          0.7674664632054584
        ],
        "within_prompt": {
          "within_prompt_auroc": 0.6715181932245923,
          "n_mixed_prompts": 195,
          "n_all_truthful_prompts": 3,
          "n_all_hallucinated_prompts": 2,
          "n_pairs": 3985,
          "ci95": [
            0.622164873328586,
            0.7137056244867913
          ]
        }
      }
    },
    "robust_scale_pc1": {
      "RF": {
        "per_fold_auroc": [
          0.7012179871948779,
          0.6579413028640766,
          0.6283905053211657,
          0.6203550681089743,
          0.6596858638743456
        ],
        "mean_auroc": 0.653518145472688,
        "std_auroc": 0.028509885905521143,
        "pooled_oof_auroc": 0.646618778573579,
        "ci95": [
          0.6236279099671377,
          0.6691709867157475
        ],
        "within_prompt": {
          "within_prompt_auroc": 0.6664993726474279,
          "n_mixed_prompts": 195,
          "n_all_truthful_prompts": 3,
          "n_all_hallucinated_prompts": 2,
          "n_pairs": 3985,
          "ci95": [
            0.6169640269978979,
            0.7097194840917251
          ]
        }
      },
      "LR": {
        "per_fold_auroc": [
          0.7386204481792717,
          0.6570691877954447,
          0.6218054045855557,
          0.651592548076923,
          0.6659735965329792
        ],
        "mean_auroc": 0.6670122370340348,
        "std_auroc": 0.038753331245794186,
        "pooled_oof_auroc": 0.6687170131752266,
        "ci95": [
          0.6456307649196238,
          0.690397431791546
        ],
        "within_prompt": {
          "within_prompt_auroc": 0.6730238393977416,
          "n_mixed_prompts": 195,
          "n_all_truthful_prompts": 3,
          "n_all_hallucinated_prompts": 2,
          "n_pairs": 3985,
          "ci95": [
            0.6248701406847111,
            0.7138704308667265
          ]
        }
      }
    },
    "robust_scale_pc3": {
      "RF": {
        "per_fold_auroc": [
          0.5475690276110444,
          0.5341009631183801,
          0.5244192219216867,
          0.5561147836538461,
          0.5149928605425989
        ],
        "mean_auroc": 0.5354393713695113,
        "std_auroc": 0.014939183840887169,
        "pooled_oof_auroc": 0.5257398500346558,
        "ci95": [
          0.5015535063814021,
          0.5488778857470081
        ],
        "within_prompt": {
          "within_prompt_auroc": 0.5269761606022585,
          "n_mixed_prompts": 195,
          "n_all_truthful_prompts": 3,
          "n_all_hallucinated_prompts": 2,
          "n_pairs": 3985,
          "ci95": [
            0.482380692301271,
            0.5734457189606976
          ]
        }
      },
      "LR": {
        "per_fold_auroc": [
          0.5685274109643859,
          0.5336838646072954,
          0.528880912055411,
          0.536308092948718,
          0.5488363936972369
        ],
        "mean_auroc": 0.5432473348546095,
        "std_auroc": 0.014257117326497037,
        "pooled_oof_auroc": 0.5432808144576433,
        "ci95": [
          0.5167281704817244,
          0.5718179320681346
        ],
        "within_prompt": {
          "within_prompt_auroc": 0.5372647427854454,
          "n_mixed_prompts": 195,
          "n_all_truthful_prompts": 3,
          "n_all_hallucinated_prompts": 2,
          "n_pairs": 3985,
          "ci95": [
            0.489117756656191,
            0.5851762896818886
          ]
        }
      }
    }
  },
  "hygiene_deltas": {
    "robust_scale": {
      "pooled": {
        "mean_delta": -0.008070851752532093,
        "ci95": [
          -0.018893872024417203,
          0.00355265303874391
        ],
        "excludes_zero": false
      },
      "within_prompt": {
        "mean_delta": -0.008493699745997407,